Metric,Value
VSTD,0.3221721
VDR,0.7882586
VU,0.0
